Tahun,Kabupaten/Kota,kasus_dbd,jumlah_meninggal,curah_hujan_mm,timbulan_sampah_ton,penduduk_ribu,kepadatan_penduduk_km2,akses_sanitasi_layak_persen,IR_DBD_per_100k
2019,cilacap,476,9,3947,333228.0,1727.1,813,75.51,27.560650801922296
2019,banyumas,202,12,1273,238272.0,1693.0,1268,67.06,11.9314825753101
2019,purbalingga,502,6,1273,153715.0,934.0,1378,64.87,53.74732334047109
2019,banjarnegara,277,0,1273,199839.0,923.2,902,24.07,30.004332755632582
2019,kebumen,259,1,1273,168128.0,1198.0,989,85.18,21.619365609348915
2019,purworejo,82,1,1273,104886.0,718.3,658,66.75,11.415842962550466
2019,wonosobo,78,0,1273,130638.0,790.5,805,17.34,9.867172675521822
2019,magelang,215,2,1273,222533.0,1290.6,1170,81.38,16.6589183325585
2019,magelang,215,2,1273,222533.0,1290.6,1170,63.15,16.6589183325585
2019,magelang,215,2,1273,222533.0,121.9,6541,81.38,176.3740771123872
2019,magelang,215,2,1273,222533.0,121.9,6541,63.15,176.3740771123872
2019,magelang,215,2,1273,27421.0,1290.6,1170,81.38,16.6589183325585
2019,magelang,215,2,1273,27421.0,1290.6,1170,63.15,16.6589183325585
2019,magelang,215,2,1273,27421.0,121.9,6541,81.38,176.3740771123872
2019,magelang,215,2,1273,27421.0,121.9,6541,63.15,176.3740771123872
2019,magelang,215,2,1273,222533.0,1290.6,1170,81.38,16.6589183325585
2019,magelang,215,2,1273,222533.0,1290.6,1170,63.15,16.6589183325585
2019,magelang,215,2,1273,222533.0,121.9,6541,81.38,176.3740771123872
2019,magelang,215,2,1273,222533.0,121.9,6541,63.15,176.3740771123872
2019,magelang,215,2,1273,27421.0,1290.6,1170,81.38,16.6589183325585
2019,magelang,215,2,1273,27421.0,1290.6,1170,63.15,16.6589183325585
2019,magelang,215,2,1273,27421.0,121.9,6541,81.38,176.3740771123872
2019,magelang,215,2,1273,27421.0,121.9,6541,63.15,176.3740771123872
2019,boyolali,413,1,1273,140417.0,984.8,977,79.48,41.9374492282697
2019,klaten,298,5,1273,167528.0,1175.0,1785,92.85,25.361702127659576
2019,sukoharjo,315,10,1273,119495.0,891.9,1915,94.93,35.317860746720484
2019,wonogiri,59,2,1273,160211.0,959.8,526,85.63,6.1471139820796
2019,karanganyar,838,7,1273,119330.0,886.9,1147,90.6,94.48641334987033
2019,sragen,122,0,1273,143438.0,891.8,947,89.61,13.680197353666742
2019,grobogan,79,5,1273,178082.0,1355.2,670,86.12,5.82939787485242
2019,blora,311,7,1273,116664.0,856.3,470,83.49,36.31904706294523
2019,rembang,95,3,1273,141369.0,635.5,1001,90.08,14.948859166011015
2019,pati,346,2,1273,164098.0,1255.7,836,88.93,27.55435215417695
2019,kudus,186,15,1273,119041.0,871.3,2035,84.48,21.3474119132331
2019,jepara,365,4,1273,157922.0,1227.8,1217,51.38,29.72796872454797
2019,demak,157,0,1273,171638.0,1143.2,1270,85.9,13.733379986004199
2019,semarang,457,2,1273,140989.0,1032.5,1087,95.32,44.261501210653755
2019,semarang,457,2,1273,140989.0,1032.5,1087,72.39,44.261501210653755
2019,semarang,457,2,1273,140989.0,1814.1,4855,95.32,25.191555041067197
2019,semarang,457,2,1273,140989.0,1814.1,4855,72.39,25.191555041067197
2019,semarang,457,2,1273,463375.0,1032.5,1087,95.32,44.261501210653755
2019,semarang,457,2,1273,463375.0,1032.5,1087,72.39,44.261501210653755
2019,semarang,457,2,1273,463375.0,1814.1,4855,95.32,25.191555041067197
2019,semarang,457,2,1273,463375.0,1814.1,4855,72.39,25.191555041067197
2019,semarang,457,2,1273,140989.0,1032.5,1087,95.32,44.261501210653755
2019,semarang,457,2,1273,140989.0,1032.5,1087,72.39,44.261501210653755
2019,semarang,457,2,1273,140989.0,1814.1,4855,95.32,25.191555041067197
2019,semarang,457,2,1273,140989.0,1814.1,4855,72.39,25.191555041067197
2019,semarang,457,2,1273,463375.0,1032.5,1087,95.32,44.261501210653755
2019,semarang,457,2,1273,463375.0,1032.5,1087,72.39,44.261501210653755
2019,semarang,457,2,1273,463375.0,1814.1,4855,95.32,25.191555041067197
2019,semarang,457,2,1273,463375.0,1814.1,4855,72.39,25.191555041067197
2019,temanggung,401,2,1273,104845.0,769.8,884,45.72,52.09145232527929
2019,kendal,185,1,1273,140722.0,976.7,974,82.64,18.94133306030511
2019,batang,359,3,1273,120286.0,773.1,980,50.28,46.4364247833398
2019,pekalongan,232,0,1273,135965.0,891.4,1066,90.22,26.026475207538702
2019,pekalongan,232,0,1273,135965.0,891.4,1066,75.19,26.026475207538702
2019,pekalongan,232,0,1273,135965.0,308.1,6808,90.22,75.30022719896138
2019,pekalongan,232,0,1273,135965.0,308.1,6808,75.19,75.30022719896138
2019,pekalongan,232,0,1273,49168.0,891.4,1066,90.22,26.026475207538702
2019,pekalongan,232,0,1273,49168.0,891.4,1066,75.19,26.026475207538702
2019,pekalongan,232,0,1273,49168.0,308.1,6808,90.22,75.30022719896138
2019,pekalongan,232,0,1273,49168.0,308.1,6808,75.19,75.30022719896138
2019,pekalongan,232,0,1273,135965.0,891.4,1066,90.22,26.026475207538702
2019,pekalongan,232,0,1273,135965.0,891.4,1066,75.19,26.026475207538702
2019,pekalongan,232,0,1273,135965.0,308.1,6808,90.22,75.30022719896138
2019,pekalongan,232,0,1273,135965.0,308.1,6808,75.19,75.30022719896138
2019,pekalongan,232,0,1273,49168.0,891.4,1066,90.22,26.026475207538702
2019,pekalongan,232,0,1273,49168.0,891.4,1066,75.19,26.026475207538702
2019,pekalongan,232,0,1273,49168.0,308.1,6808,90.22,75.30022719896138
2019,pekalongan,232,0,1273,49168.0,308.1,6808,75.19,75.30022719896138
2019,pemalang,79,0,1273,206841.0,1302.8,1166,71.84,6.063862450107461
2019,tegal,351,3,1273,184457.0,1434.6,1633,87.8,24.466750313676283
2019,tegal,351,3,1273,184457.0,1434.6,1633,80.39,24.466750313676283
2019,tegal,351,3,1273,184457.0,252.6,6363,87.8,138.95486935866984
2019,tegal,351,3,1273,184457.0,252.6,6363,80.39,138.95486935866984
2019,tegal,351,3,1273,75494.0,1434.6,1633,87.8,24.466750313676283
2019,tegal,351,3,1273,75494.0,1434.6,1633,80.39,24.466750313676283
2019,tegal,351,3,1273,75494.0,252.6,6363,87.8,138.95486935866984
2019,tegal,351,3,1273,75494.0,252.6,6363,80.39,138.95486935866984
2019,tegal,351,3,1273,184457.0,1434.6,1633,87.8,24.466750313676283
2019,tegal,351,3,1273,184457.0,1434.6,1633,80.39,24.466750313676283
2019,tegal,351,3,1273,184457.0,252.6,6363,87.8,138.95486935866984
2019,tegal,351,3,1273,184457.0,252.6,6363,80.39,138.95486935866984
2019,tegal,351,3,1273,75494.0,1434.6,1633,87.8,24.466750313676283
2019,tegal,351,3,1273,75494.0,1434.6,1633,80.39,24.466750313676283
2019,tegal,351,3,1273,75494.0,252.6,6363,87.8,138.95486935866984
2019,tegal,351,3,1273,75494.0,252.6,6363,80.39,138.95486935866984
2019,brebes,405,12,1273,245987.0,1800.8,1082,70.6,22.490004442470013
2019,magelang,75,2,1273,222533.0,1290.6,1170,81.38,5.811250581125058
2019,magelang,75,2,1273,222533.0,1290.6,1170,63.15,5.811250581125058
2019,magelang,75,2,1273,222533.0,121.9,6541,81.38,61.52584085315833
2019,magelang,75,2,1273,222533.0,121.9,6541,63.15,61.52584085315833
2019,magelang,75,2,1273,27421.0,1290.6,1170,81.38,5.811250581125058
2019,magelang,75,2,1273,27421.0,1290.6,1170,63.15,5.811250581125058
2019,magelang,75,2,1273,27421.0,121.9,6541,81.38,61.52584085315833
2019,magelang,75,2,1273,27421.0,121.9,6541,63.15,61.52584085315833
2019,magelang,75,2,1273,222533.0,1290.6,1170,81.38,5.811250581125058
2019,magelang,75,2,1273,222533.0,1290.6,1170,63.15,5.811250581125058
2019,magelang,75,2,1273,222533.0,121.9,6541,81.38,61.52584085315833
2019,magelang,75,2,1273,222533.0,121.9,6541,63.15,61.52584085315833
2019,magelang,75,2,1273,27421.0,1290.6,1170,81.38,5.811250581125058
2019,magelang,75,2,1273,27421.0,1290.6,1170,63.15,5.811250581125058
2019,magelang,75,2,1273,27421.0,121.9,6541,81.38,61.52584085315833
2019,magelang,75,2,1273,27421.0,121.9,6541,63.15,61.52584085315833
2019,surakarta,153,1,1273,107383.0,519.6,11189,89.39,29.445727482678983
2019,salatiga,44,1,1273,29622.0,194.0,3358,95.35,22.68041237113402
2019,semarang,440,14,1273,140989.0,1032.5,1087,95.32,42.615012106537534
2019,semarang,440,14,1273,140989.0,1032.5,1087,72.39,42.615012106537534
2019,semarang,440,14,1273,140989.0,1814.1,4855,95.32,24.254451243040627
2019,semarang,440,14,1273,140989.0,1814.1,4855,72.39,24.254451243040627
2019,semarang,440,14,1273,463375.0,1032.5,1087,95.32,42.615012106537534
2019,semarang,440,14,1273,463375.0,1032.5,1087,72.39,42.615012106537534
2019,semarang,440,14,1273,463375.0,1814.1,4855,95.32,24.254451243040627
2019,semarang,440,14,1273,463375.0,1814.1,4855,72.39,24.254451243040627
2019,semarang,440,14,1273,140989.0,1032.5,1087,95.32,42.615012106537534
2019,semarang,440,14,1273,140989.0,1032.5,1087,72.39,42.615012106537534
2019,semarang,440,14,1273,140989.0,1814.1,4855,95.32,24.254451243040627
2019,semarang,440,14,1273,140989.0,1814.1,4855,72.39,24.254451243040627
2019,semarang,440,14,1273,463375.0,1032.5,1087,95.32,42.615012106537534
2019,semarang,440,14,1273,463375.0,1032.5,1087,72.39,42.615012106537534
2019,semarang,440,14,1273,463375.0,1814.1,4855,95.32,24.254451243040627
2019,semarang,440,14,1273,463375.0,1814.1,4855,72.39,24.254451243040627
2019,pekalongan,57,1,1273,135965.0,891.4,1066,90.22,6.394435719093561
2019,pekalongan,57,1,1273,135965.0,891.4,1066,75.19,6.394435719093561
2019,pekalongan,57,1,1273,135965.0,308.1,6808,90.22,18.500486854917234
2019,pekalongan,57,1,1273,135965.0,308.1,6808,75.19,18.500486854917234
2019,pekalongan,57,1,1273,49168.0,891.4,1066,90.22,6.394435719093561
2019,pekalongan,57,1,1273,49168.0,891.4,1066,75.19,6.394435719093561
2019,pekalongan,57,1,1273,49168.0,308.1,6808,90.22,18.500486854917234
2019,pekalongan,57,1,1273,49168.0,308.1,6808,75.19,18.500486854917234
2019,pekalongan,57,1,1273,135965.0,891.4,1066,90.22,6.394435719093561
2019,pekalongan,57,1,1273,135965.0,891.4,1066,75.19,6.394435719093561
2019,pekalongan,57,1,1273,135965.0,308.1,6808,90.22,18.500486854917234
2019,pekalongan,57,1,1273,135965.0,308.1,6808,75.19,18.500486854917234
2019,pekalongan,57,1,1273,49168.0,891.4,1066,90.22,6.394435719093561
2019,pekalongan,57,1,1273,49168.0,891.4,1066,75.19,6.394435719093561
2019,pekalongan,57,1,1273,49168.0,308.1,6808,90.22,18.500486854917234
2019,pekalongan,57,1,1273,49168.0,308.1,6808,75.19,18.500486854917234
2019,tegal,94,0,1273,184457.0,1434.6,1633,87.8,6.552349086853479
2019,tegal,94,0,1273,184457.0,1434.6,1633,80.39,6.552349086853479
2019,tegal,94,0,1273,184457.0,252.6,6363,87.8,37.212984956452885
2019,tegal,94,0,1273,184457.0,252.6,6363,80.39,37.212984956452885
2019,tegal,94,0,1273,75494.0,1434.6,1633,87.8,6.552349086853479
2019,tegal,94,0,1273,75494.0,1434.6,1633,80.39,6.552349086853479
2019,tegal,94,0,1273,75494.0,252.6,6363,87.8,37.212984956452885
2019,tegal,94,0,1273,75494.0,252.6,6363,80.39,37.212984956452885
2019,tegal,94,0,1273,184457.0,1434.6,1633,87.8,6.552349086853479
2019,tegal,94,0,1273,184457.0,1434.6,1633,80.39,6.552349086853479
2019,tegal,94,0,1273,184457.0,252.6,6363,87.8,37.212984956452885
2019,tegal,94,0,1273,184457.0,252.6,6363,80.39,37.212984956452885
2019,tegal,94,0,1273,75494.0,1434.6,1633,87.8,6.552349086853479
2019,tegal,94,0,1273,75494.0,1434.6,1633,80.39,6.552349086853479
2019,tegal,94,0,1273,75494.0,252.6,6363,87.8,37.212984956452885
2019,tegal,94,0,1273,75494.0,252.6,6363,80.39,37.212984956452885
2020,cilacap,501,5,4496,344409.04,1944.8,865,80.85,25.761003702180172
2020,banyumas,378,12,2513,195357.75,1777.0,1339,75.24,21.2718064153067
2020,purbalingga,200,4,2513,184585.06,998.6,1284,81.24,20.02803925495694
2020,banjarnegara,179,4,3010,179000.0,1017.8,956,46.25,17.586952249950873
2020,kebumen,157,4,4479,169013.0,1350.4,1013,91.95,11.626184834123222
2020,purworejo,134,0,2513,105420.18,770.0,745,83.79,17.4025974025974
2020,wonosobo,106,2,3459,132496.46,879.1,893,48.18,12.057786372426346
2020,magelang,142,3,2044,184918.4,1299.9,1198,85.87,10.923917224401878
2020,magelang,142,3,2044,184918.4,1299.9,1198,76.91,10.923917224401878
2020,magelang,142,3,2044,184918.4,121.5,6519,85.87,116.87242798353908
2020,magelang,142,3,2044,184918.4,121.5,6519,76.91,116.87242798353908
2020,magelang,142,3,2044,26871.93,1299.9,1198,85.87,10.923917224401878
2020,magelang,142,3,2044,26871.93,1299.9,1198,76.91,10.923917224401878
2020,magelang,142,3,2044,26871.93,121.5,6519,85.87,116.87242798353908
2020,magelang,142,3,2044,26871.93,121.5,6519,76.91,116.87242798353908
2020,magelang,142,3,2513,184918.4,1299.9,1198,85.87,10.923917224401878
2020,magelang,142,3,2513,184918.4,1299.9,1198,76.91,10.923917224401878
2020,magelang,142,3,2513,184918.4,121.5,6519,85.87,116.87242798353908
2020,magelang,142,3,2513,184918.4,121.5,6519,76.91,116.87242798353908
2020,magelang,142,3,2513,26871.93,1299.9,1198,85.87,10.923917224401878
2020,magelang,142,3,2513,26871.93,1299.9,1198,76.91,10.923917224401878
2020,magelang,142,3,2513,26871.93,121.5,6519,85.87,116.87242798353908
2020,magelang,142,3,2513,26871.93,121.5,6519,76.91,116.87242798353908
2020,boyolali,118,2,1777,110243.68,1062.7,983,92.65,11.10379222734544
2020,klaten,371,7,2513,167191.95,1260.5,1800,94.68,29.432764775882585
2020,sukoharjo,185,7,2513,120286.01,907.6,1948,96.64,20.383428823270165
2020,wonogiri,27,0,2513,161962.0,1043.2,572,94.47,2.5881901840490795
2020,karanganyar,95,1,2513,119330.0,931.7,1205,96.7,10.196415155092842
2020,sragen,64,2,2551,144793.0,977.0,1038,93.27,6.550665301944729
2020,grobogan,136,7,2513,185458.26,1453.5,719,87.39,9.356725146198832
2020,blora,113,2,2513,117565.0,888.3,488,87.46,12.720927614544635
2020,rembang,57,1,2513,142702.48,645.3,1017,92.68,8.833100883310088
2020,pati,185,3,2513,178049.0,1324.2,882,92.17,13.970699290137443
2020,kudus,40,5,3639,120286.01,849.2,1984,91.81,4.710315591144607
2020,jepara,164,1,2513,142835.0,1184.9,1175,63.67,13.84083044982699
2020,demak,107,0,2513,172940.0,1204.0,1338,91.54,8.88704318936877
2020,semarang,167,2,3297,140742.04,1053.1,1108,93.96,15.857943215269206
2020,semarang,167,2,3297,140742.04,1053.1,1108,89.53,15.857943215269206
2020,semarang,167,2,3297,140742.04,1653.6,4425,93.96,10.09917755200774
2020,semarang,167,2,3297,140742.04,1653.6,4425,89.53,10.09917755200774
2020,semarang,167,2,3297,456208.57,1053.1,1108,93.96,15.857943215269206
2020,semarang,167,2,3297,456208.57,1053.1,1108,89.53,15.857943215269206
2020,semarang,167,2,3297,456208.57,1653.6,4425,93.96,10.09917755200774
2020,semarang,167,2,3297,456208.57,1653.6,4425,89.53,10.09917755200774
2020,semarang,167,2,2513,140742.04,1053.1,1108,93.96,15.857943215269206
2020,semarang,167,2,2513,140742.04,1053.1,1108,89.53,15.857943215269206
2020,semarang,167,2,2513,140742.04,1653.6,4425,93.96,10.09917755200774
2020,semarang,167,2,2513,140742.04,1653.6,4425,89.53,10.09917755200774
2020,semarang,167,2,2513,456208.57,1053.1,1108,93.96,15.857943215269206
2020,semarang,167,2,2513,456208.57,1053.1,1108,89.53,15.857943215269206
2020,semarang,167,2,2513,456208.57,1653.6,4425,93.96,10.09917755200774
2020,semarang,167,2,2513,456208.57,1653.6,4425,89.53,10.09917755200774
2020,temanggung,68,2,2513,105943.43,790.2,907,68.99,8.605416350291065
2020,kendal,197,0,2513,146820.66,1018.5,1016,85.37,19.342169857633774
2020,batang,266,4,2513,121404.75,801.7,1016,67.91,33.17949357615068
2020,pekalongan,246,0,2513,136894.27,968.8,1159,88.49,25.392237819983485
2020,pekalongan,246,0,2513,136894.27,968.8,1159,76.85,25.392237819983485
2020,pekalongan,246,0,2513,136894.27,307.2,6786,88.49,80.078125
2020,pekalongan,246,0,2513,136894.27,307.2,6786,76.85,80.078125
2020,pekalongan,246,0,2513,48039.69,968.8,1159,88.49,25.392237819983485
2020,pekalongan,246,0,2513,48039.69,968.8,1159,76.85,25.392237819983485
2020,pekalongan,246,0,2513,48039.69,307.2,6786,88.49,80.078125
2020,pekalongan,246,0,2513,48039.69,307.2,6786,76.85,80.078125
2020,pekalongan,246,0,2513,136894.27,968.8,1159,88.49,25.392237819983485
2020,pekalongan,246,0,2513,136894.27,968.8,1159,76.85,25.392237819983485
2020,pekalongan,246,0,2513,136894.27,307.2,6786,88.49,80.078125
2020,pekalongan,246,0,2513,136894.27,307.2,6786,76.85,80.078125
2020,pekalongan,246,0,2513,48039.69,968.8,1159,88.49,25.392237819983485
2020,pekalongan,246,0,2513,48039.69,968.8,1159,76.85,25.392237819983485
2020,pekalongan,246,0,2513,48039.69,307.2,6786,88.49,80.078125
2020,pekalongan,246,0,2513,48039.69,307.2,6786,76.85,80.078125
2020,pemalang,40,0,2513,208579.51,1471.5,1316,77.64,2.718314644920149
2020,tegal,371,4,2463,251950.08,1597.0,1817,91.19,23.231058234189106
2020,tegal,371,4,2463,251950.08,1597.0,1817,81.52,23.231058234189106
2020,tegal,371,4,2463,251950.08,273.8,6897,91.19,135.50036523009496
2020,tegal,371,4,2463,251950.08,273.8,6897,81.52,135.50036523009496
2020,tegal,371,4,2463,75932.3,1597.0,1817,91.19,23.231058234189106
2020,tegal,371,4,2463,75932.3,1597.0,1817,81.52,23.231058234189106
2020,tegal,371,4,2463,75932.3,273.8,6897,91.19,135.50036523009496
2020,tegal,371,4,2463,75932.3,273.8,6897,81.52,135.50036523009496
2020,tegal,371,4,2463,251950.08,1597.0,1817,91.19,23.231058234189106
2020,tegal,371,4,2463,251950.08,1597.0,1817,81.52,23.231058234189106
2020,tegal,371,4,2463,251950.08,273.8,6897,91.19,135.50036523009496
2020,tegal,371,4,2463,251950.08,273.8,6897,81.52,135.50036523009496
2020,tegal,371,4,2463,75932.3,1597.0,1817,91.19,23.231058234189106
2020,tegal,371,4,2463,75932.3,1597.0,1817,81.52,23.231058234189106
2020,tegal,371,4,2463,75932.3,273.8,6897,91.19,135.50036523009496
2020,tegal,371,4,2463,75932.3,273.8,6897,81.52,135.50036523009496
2020,brebes,282,8,2513,247717.3,1978.8,1189,73.81,14.251061249241964
2020,magelang,21,0,2044,184918.4,1299.9,1198,85.87,1.615508885298869
2020,magelang,21,0,2044,184918.4,1299.9,1198,76.91,1.615508885298869
2020,magelang,21,0,2044,184918.4,121.5,6519,85.87,17.28395061728395
2020,magelang,21,0,2044,184918.4,121.5,6519,76.91,17.28395061728395
2020,magelang,21,0,2044,26871.93,1299.9,1198,85.87,1.615508885298869
2020,magelang,21,0,2044,26871.93,1299.9,1198,76.91,1.615508885298869
2020,magelang,21,0,2044,26871.93,121.5,6519,85.87,17.28395061728395
2020,magelang,21,0,2044,26871.93,121.5,6519,76.91,17.28395061728395
2020,magelang,21,0,2513,184918.4,1299.9,1198,85.87,1.615508885298869
2020,magelang,21,0,2513,184918.4,1299.9,1198,76.91,1.615508885298869
2020,magelang,21,0,2513,184918.4,121.5,6519,85.87,17.28395061728395
2020,magelang,21,0,2513,184918.4,121.5,6519,76.91,17.28395061728395
2020,magelang,21,0,2513,26871.93,1299.9,1198,85.87,1.615508885298869
2020,magelang,21,0,2513,26871.93,1299.9,1198,76.91,1.615508885298869
2020,magelang,21,0,2513,26871.93,121.5,6519,85.87,17.28395061728395
2020,magelang,21,0,2513,26871.93,121.5,6519,76.91,17.28395061728395
2020,surakarta,73,3,1777,111831.6,522.4,11248,90.03,13.9739663093415
2020,salatiga,24,0,2513,29555.51,192.3,3329,94.61,12.480499219968797
2020,semarang,320,4,3297,140742.04,1053.1,1108,93.96,30.386478017282307
2020,semarang,320,4,3297,140742.04,1053.1,1108,89.53,30.386478017282307
2020,semarang,320,4,3297,140742.04,1653.6,4425,93.96,19.351717464925013
2020,semarang,320,4,3297,140742.04,1653.6,4425,89.53,19.351717464925013
2020,semarang,320,4,3297,456208.57,1053.1,1108,93.96,30.386478017282307
2020,semarang,320,4,3297,456208.57,1053.1,1108,89.53,30.386478017282307
2020,semarang,320,4,3297,456208.57,1653.6,4425,93.96,19.351717464925013
2020,semarang,320,4,3297,456208.57,1653.6,4425,89.53,19.351717464925013
2020,semarang,320,4,2513,140742.04,1053.1,1108,93.96,30.386478017282307
2020,semarang,320,4,2513,140742.04,1053.1,1108,89.53,30.386478017282307
2020,semarang,320,4,2513,140742.04,1653.6,4425,93.96,19.351717464925013
2020,semarang,320,4,2513,140742.04,1653.6,4425,89.53,19.351717464925013
2020,semarang,320,4,2513,456208.57,1053.1,1108,93.96,30.386478017282307
2020,semarang,320,4,2513,456208.57,1053.1,1108,89.53,30.386478017282307
2020,semarang,320,4,2513,456208.57,1653.6,4425,93.96,19.351717464925013
2020,semarang,320,4,2513,456208.57,1653.6,4425,89.53,19.351717464925013
2020,pekalongan,85,6,2513,136894.27,968.8,1159,88.49,8.773740710156895
2020,pekalongan,85,6,2513,136894.27,968.8,1159,76.85,8.773740710156895
2020,pekalongan,85,6,2513,136894.27,307.2,6786,88.49,27.669270833333332
2020,pekalongan,85,6,2513,136894.27,307.2,6786,76.85,27.669270833333332
2020,pekalongan,85,6,2513,48039.69,968.8,1159,88.49,8.773740710156895
2020,pekalongan,85,6,2513,48039.69,968.8,1159,76.85,8.773740710156895
2020,pekalongan,85,6,2513,48039.69,307.2,6786,88.49,27.669270833333332
2020,pekalongan,85,6,2513,48039.69,307.2,6786,76.85,27.669270833333332
2020,pekalongan,85,6,2513,136894.27,968.8,1159,88.49,8.773740710156895
2020,pekalongan,85,6,2513,136894.27,968.8,1159,76.85,8.773740710156895
2020,pekalongan,85,6,2513,136894.27,307.2,6786,88.49,27.669270833333332
2020,pekalongan,85,6,2513,136894.27,307.2,6786,76.85,27.669270833333332
2020,pekalongan,85,6,2513,48039.69,968.8,1159,88.49,8.773740710156895
2020,pekalongan,85,6,2513,48039.69,968.8,1159,76.85,8.773740710156895
2020,pekalongan,85,6,2513,48039.69,307.2,6786,88.49,27.669270833333332
2020,pekalongan,85,6,2513,48039.69,307.2,6786,76.85,27.669270833333332
2020,tegal,59,2,2463,251950.08,1597.0,1817,91.19,3.6944270507201002
2020,tegal,59,2,2463,251950.08,1597.0,1817,81.52,3.6944270507201002
2020,tegal,59,2,2463,251950.08,273.8,6897,91.19,21.548575602629658
2020,tegal,59,2,2463,251950.08,273.8,6897,81.52,21.548575602629658
2020,tegal,59,2,2463,75932.3,1597.0,1817,91.19,3.6944270507201002
2020,tegal,59,2,2463,75932.3,1597.0,1817,81.52,3.6944270507201002
2020,tegal,59,2,2463,75932.3,273.8,6897,91.19,21.548575602629658
2020,tegal,59,2,2463,75932.3,273.8,6897,81.52,21.548575602629658
2020,tegal,59,2,2463,251950.08,1597.0,1817,91.19,3.6944270507201002
2020,tegal,59,2,2463,251950.08,1597.0,1817,81.52,3.6944270507201002
2020,tegal,59,2,2463,251950.08,273.8,6897,91.19,21.548575602629658
2020,tegal,59,2,2463,251950.08,273.8,6897,81.52,21.548575602629658
2020,tegal,59,2,2463,75932.3,1597.0,1817,91.19,3.6944270507201002
2020,tegal,59,2,2463,75932.3,1597.0,1817,81.52,3.6944270507201002
2020,tegal,59,2,2463,75932.3,273.8,6897,91.19,21.548575602629658
2020,tegal,59,2,2463,75932.3,273.8,6897,81.52,21.548575602629658
2021,cilacap,501,5,2729,344409.04,1963.8,874,76.42,25.511762908646503
2021,banyumas,378,12,2479,195357.75,1798.4,1355,79.97,21.018683274021353
2021,purbalingga,200,4,2479,184585.06,1012.3,1302,76.33,19.756989034871086
2021,banjarnegara,179,4,2479,179000.0,1030.1,967,40.75,17.376953693816134
2021,kebumen,157,4,2479,169013.0,1376.1,1032,88.99,11.4090545745222
2021,purworejo,134,0,2479,105420.18,779.6,754,79.81,17.188301693175987
2021,wonosobo,106,2,2479,132496.46,893.3,907,53.27,11.866114407254003
2021,magelang,142,3,2479,184918.4,1312.2,1209,84.04,10.821521109586953
2021,magelang,142,3,2479,184918.4,1312.2,1209,78.4,10.821521109586953
2021,magelang,142,3,2479,184918.4,121.6,6527,84.04,116.77631578947368
2021,magelang,142,3,2479,184918.4,121.6,6527,78.4,116.77631578947368
2021,magelang,142,3,2479,26871.93,1312.2,1209,84.04,10.821521109586953
2021,magelang,142,3,2479,26871.93,1312.2,1209,78.4,10.821521109586953
2021,magelang,142,3,2479,26871.93,121.6,6527,84.04,116.77631578947368
2021,magelang,142,3,2479,26871.93,121.6,6527,78.4,116.77631578947368
2021,magelang,142,3,2479,184918.4,1312.2,1209,84.04,10.821521109586953
2021,magelang,142,3,2479,184918.4,1312.2,1209,78.4,10.821521109586953
2021,magelang,142,3,2479,184918.4,121.6,6527,84.04,116.77631578947368
2021,magelang,142,3,2479,184918.4,121.6,6527,78.4,116.77631578947368
2021,magelang,142,3,2479,26871.93,1312.2,1209,84.04,10.821521109586953
2021,magelang,142,3,2479,26871.93,1312.2,1209,78.4,10.821521109586953
2021,magelang,142,3,2479,26871.93,121.6,6527,84.04,116.77631578947368
2021,magelang,142,3,2479,26871.93,121.6,6527,78.4,116.77631578947368
2021,boyolali,118,2,2479,110243.68,1072.0,991,87.72,11.007462686567164
2021,klaten,371,7,2479,167191.95,1270.8,1815,95.37,29.194208372678624
2021,sukoharjo,185,7,2479,120286.01,914.8,1963,94.27,20.222999562745954
2021,wonogiri,27,0,2479,161962.0,1051.1,577,92.97,2.5687375130815338
2021,karanganyar,95,1,2479,119330.0,940.0,1216,95.38,10.106382978723405
2021,sragen,64,2,2479,144793.0,987.2,1049,89.89,6.482982171799028
2021,grobogan,136,7,2479,185458.26,1467.2,726,89.37,9.269356597600872
2021,blora,113,2,2479,117565.0,893.3,491,90.51,12.649725736034927
2021,rembang,57,1,2479,142702.48,648.7,1022,89.94,8.786804377986744
2021,pati,185,3,2479,178049.0,1336.1,890,91.67,13.846268991841928
2021,kudus,40,5,2479,120286.01,854.4,1997,93.8,4.681647940074907
2021,jepara,164,1,2479,142835.0,1199.1,1189,66.59,13.67692435993662
2021,demak,107,0,2479,172940.0,1213.9,1349,91.38,8.814564626410743
2021,semarang,167,2,2479,140742.04,1062.8,1118,93.67,15.71321038765525
2021,semarang,167,2,2479,140742.04,1062.8,1118,91.01,15.71321038765525
2021,semarang,167,2,2479,140742.04,1656.6,4433,93.67,10.080888566944344
2021,semarang,167,2,2479,140742.04,1656.6,4433,91.01,10.080888566944344
2021,semarang,167,2,2479,456208.57,1062.8,1118,93.67,15.71321038765525
2021,semarang,167,2,2479,456208.57,1062.8,1118,91.01,15.71321038765525
2021,semarang,167,2,2479,456208.57,1656.6,4433,93.67,10.080888566944344
2021,semarang,167,2,2479,456208.57,1656.6,4433,91.01,10.080888566944344
2021,semarang,167,2,2479,140742.04,1062.8,1118,93.67,15.71321038765525
2021,semarang,167,2,2479,140742.04,1062.8,1118,91.01,15.71321038765525
2021,semarang,167,2,2479,140742.04,1656.6,4433,93.67,10.080888566944344
2021,semarang,167,2,2479,140742.04,1656.6,4433,91.01,10.080888566944344
2021,semarang,167,2,2479,456208.57,1062.8,1118,93.67,15.71321038765525
2021,semarang,167,2,2479,456208.57,1062.8,1118,91.01,15.71321038765525
2021,semarang,167,2,2479,456208.57,1656.6,4433,93.67,10.080888566944344
2021,semarang,167,2,2479,456208.57,1656.6,4433,91.01,10.080888566944344
2021,temanggung,68,2,2479,105943.43,796.8,915,68.05,8.534136546184738
2021,kendal,197,0,2479,146820.66,1032.5,1030,83.81,19.07990314769976
2021,batang,266,4,2479,121404.75,813.5,1031,66.96,32.69821757836509
2021,pekalongan,246,0,2479,136894.27,982.7,1176,94.62,25.033072148163225
2021,pekalongan,246,0,2479,136894.27,982.7,1176,78.57,25.033072148163225
2021,pekalongan,246,0,2479,136894.27,310.2,6853,94.62,79.3036750483559
2021,pekalongan,246,0,2479,136894.27,310.2,6853,78.57,79.3036750483559
2021,pekalongan,246,0,2479,48039.69,982.7,1176,94.62,25.033072148163225
2021,pekalongan,246,0,2479,48039.69,982.7,1176,78.57,25.033072148163225
2021,pekalongan,246,0,2479,48039.69,310.2,6853,94.62,79.3036750483559
2021,pekalongan,246,0,2479,48039.69,310.2,6853,78.57,79.3036750483559
2021,pekalongan,246,0,2479,136894.27,982.7,1176,94.62,25.033072148163225
2021,pekalongan,246,0,2479,136894.27,982.7,1176,78.57,25.033072148163225
2021,pekalongan,246,0,2479,136894.27,310.2,6853,94.62,79.3036750483559
2021,pekalongan,246,0,2479,136894.27,310.2,6853,78.57,79.3036750483559
2021,pekalongan,246,0,2479,48039.69,982.7,1176,94.62,25.033072148163225
2021,pekalongan,246,0,2479,48039.69,982.7,1176,78.57,25.033072148163225
2021,pekalongan,246,0,2479,48039.69,310.2,6853,94.62,79.3036750483559
2021,pekalongan,246,0,2479,48039.69,310.2,6853,78.57,79.3036750483559
2021,pemalang,40,0,2479,208579.51,1490.5,1333,77.89,2.683663200268366
2021,tegal,371,4,2479,251950.08,1618.3,1841,92.77,22.925291973058147
2021,tegal,371,4,2479,251950.08,1618.3,1841,84.23,22.925291973058147
2021,tegal,371,4,2479,251950.08,276.9,6975,92.77,133.98338750451427
2021,tegal,371,4,2479,251950.08,276.9,6975,84.23,133.98338750451427
2021,tegal,371,4,2479,75932.3,1618.3,1841,92.77,22.925291973058147
2021,tegal,371,4,2479,75932.3,1618.3,1841,84.23,22.925291973058147
2021,tegal,371,4,2479,75932.3,276.9,6975,92.77,133.98338750451427
2021,tegal,371,4,2479,75932.3,276.9,6975,84.23,133.98338750451427
2021,tegal,371,4,2479,251950.08,1618.3,1841,92.77,22.925291973058147
2021,tegal,371,4,2479,251950.08,1618.3,1841,84.23,22.925291973058147
2021,tegal,371,4,2479,251950.08,276.9,6975,92.77,133.98338750451427
2021,tegal,371,4,2479,251950.08,276.9,6975,84.23,133.98338750451427
2021,tegal,371,4,2479,75932.3,1618.3,1841,92.77,22.925291973058147
2021,tegal,371,4,2479,75932.3,1618.3,1841,84.23,22.925291973058147
2021,tegal,371,4,2479,75932.3,276.9,6975,92.77,133.98338750451427
2021,tegal,371,4,2479,75932.3,276.9,6975,84.23,133.98338750451427
2021,brebes,282,8,2479,247717.3,2003.3,1204,80.1,14.076773324015374
2021,magelang,21,0,2479,184918.4,1312.2,1209,84.04,1.6003657978966623
2021,magelang,21,0,2479,184918.4,1312.2,1209,78.4,1.6003657978966623
2021,magelang,21,0,2479,184918.4,121.6,6527,84.04,17.269736842105264
2021,magelang,21,0,2479,184918.4,121.6,6527,78.4,17.269736842105264
2021,magelang,21,0,2479,26871.93,1312.2,1209,84.04,1.6003657978966623
2021,magelang,21,0,2479,26871.93,1312.2,1209,78.4,1.6003657978966623
2021,magelang,21,0,2479,26871.93,121.6,6527,84.04,17.269736842105264
2021,magelang,21,0,2479,26871.93,121.6,6527,78.4,17.269736842105264
2021,magelang,21,0,2479,184918.4,1312.2,1209,84.04,1.6003657978966623
2021,magelang,21,0,2479,184918.4,1312.2,1209,78.4,1.6003657978966623
2021,magelang,21,0,2479,184918.4,121.6,6527,84.04,17.269736842105264
2021,magelang,21,0,2479,184918.4,121.6,6527,78.4,17.269736842105264
2021,magelang,21,0,2479,26871.93,1312.2,1209,84.04,1.6003657978966623
2021,magelang,21,0,2479,26871.93,1312.2,1209,78.4,1.6003657978966623
2021,magelang,21,0,2479,26871.93,121.6,6527,84.04,17.269736842105264
2021,magelang,21,0,2479,26871.93,121.6,6527,78.4,17.269736842105264
2021,surakarta,73,3,2479,111831.6,522.8,11256,88.73,13.963274674827852
2021,salatiga,24,0,2479,29555.51,194.5,3367,98.07,12.339331619537274
2021,semarang,320,4,2479,140742.04,1062.8,1118,93.67,30.109145652992098
2021,semarang,320,4,2479,140742.04,1062.8,1118,91.01,30.109145652992098
2021,semarang,320,4,2479,140742.04,1656.6,4433,93.67,19.316672703126887
2021,semarang,320,4,2479,140742.04,1656.6,4433,91.01,19.316672703126887
2021,semarang,320,4,2479,456208.57,1062.8,1118,93.67,30.109145652992098
2021,semarang,320,4,2479,456208.57,1062.8,1118,91.01,30.109145652992098
2021,semarang,320,4,2479,456208.57,1656.6,4433,93.67,19.316672703126887
2021,semarang,320,4,2479,456208.57,1656.6,4433,91.01,19.316672703126887
2021,semarang,320,4,2479,140742.04,1062.8,1118,93.67,30.109145652992098
2021,semarang,320,4,2479,140742.04,1062.8,1118,91.01,30.109145652992098
2021,semarang,320,4,2479,140742.04,1656.6,4433,93.67,19.316672703126887
2021,semarang,320,4,2479,140742.04,1656.6,4433,91.01,19.316672703126887
2021,semarang,320,4,2479,456208.57,1062.8,1118,93.67,30.109145652992098
2021,semarang,320,4,2479,456208.57,1062.8,1118,91.01,30.109145652992098
2021,semarang,320,4,2479,456208.57,1656.6,4433,93.67,19.316672703126887
2021,semarang,320,4,2479,456208.57,1656.6,4433,91.01,19.316672703126887
2021,pekalongan,85,6,2479,136894.27,982.7,1176,94.62,8.649638750381602
2021,pekalongan,85,6,2479,136894.27,982.7,1176,78.57,8.649638750381602
2021,pekalongan,85,6,2479,136894.27,310.2,6853,94.62,27.40167633784655
2021,pekalongan,85,6,2479,136894.27,310.2,6853,78.57,27.40167633784655
2021,pekalongan,85,6,2479,48039.69,982.7,1176,94.62,8.649638750381602
2021,pekalongan,85,6,2479,48039.69,982.7,1176,78.57,8.649638750381602
2021,pekalongan,85,6,2479,48039.69,310.2,6853,94.62,27.40167633784655
2021,pekalongan,85,6,2479,48039.69,310.2,6853,78.57,27.40167633784655
2021,pekalongan,85,6,2479,136894.27,982.7,1176,94.62,8.649638750381602
2021,pekalongan,85,6,2479,136894.27,982.7,1176,78.57,8.649638750381602
2021,pekalongan,85,6,2479,136894.27,310.2,6853,94.62,27.40167633784655
2021,pekalongan,85,6,2479,136894.27,310.2,6853,78.57,27.40167633784655
2021,pekalongan,85,6,2479,48039.69,982.7,1176,94.62,8.649638750381602
2021,pekalongan,85,6,2479,48039.69,982.7,1176,78.57,8.649638750381602
2021,pekalongan,85,6,2479,48039.69,310.2,6853,94.62,27.40167633784655
2021,pekalongan,85,6,2479,48039.69,310.2,6853,78.57,27.40167633784655
2021,tegal,59,2,2479,251950.08,1618.3,1841,92.77,3.6458011493542606
2021,tegal,59,2,2479,251950.08,1618.3,1841,84.23,3.6458011493542606
2021,tegal,59,2,2479,251950.08,276.9,6975,92.77,21.307331166486094
2021,tegal,59,2,2479,251950.08,276.9,6975,84.23,21.307331166486094
2021,tegal,59,2,2479,75932.3,1618.3,1841,92.77,3.6458011493542606
2021,tegal,59,2,2479,75932.3,1618.3,1841,84.23,3.6458011493542606
2021,tegal,59,2,2479,75932.3,276.9,6975,92.77,21.307331166486094
2021,tegal,59,2,2479,75932.3,276.9,6975,84.23,21.307331166486094
2021,tegal,59,2,2479,251950.08,1618.3,1841,92.77,3.6458011493542606
2021,tegal,59,2,2479,251950.08,1618.3,1841,84.23,3.6458011493542606
2021,tegal,59,2,2479,251950.08,276.9,6975,92.77,21.307331166486094
2021,tegal,59,2,2479,251950.08,276.9,6975,84.23,21.307331166486094
2021,tegal,59,2,2479,75932.3,1618.3,1841,92.77,3.6458011493542606
2021,tegal,59,2,2479,75932.3,1618.3,1841,84.23,3.6458011493542606
2021,tegal,59,2,2479,75932.3,276.9,6975,92.77,21.307331166486094
2021,tegal,59,2,2479,75932.3,276.9,6975,84.23,21.307331166486094
2022,cilacap,902,19,2664,347055.78,1985.6,884,79.1,45.42707493956487
2022,banyumas,307,13,2664,195964.49,1813.5,1366,79.8,16.92859112213951
2022,purbalingga,276,4,2664,186120.8,1020.2,1312,78.56,27.05351891785924
2022,banjarnegara,474,1,2664,179000.0,1038.7,976,51.66,45.633965533840374
2022,kebumen,156,2,2664,169013.4,1388.1,1041,93.49,11.238383401772207
2022,purworejo,131,1,2664,105694.22,784.0,757,80.21,16.709183673469386
2022,wonosobo,69,2,2664,133604.58,901.5,916,55.3,7.653910149750416
2022,magelang,313,9,2664,186196.26,1321.4,1217,82.27,23.686998637808387
2022,magelang,313,9,2664,186196.26,1321.4,1217,80.49,23.686998637808387
2022,magelang,313,9,2664,186196.26,122.1,6556,82.27,256.34725634725635
2022,magelang,313,9,2664,186196.26,122.1,6556,80.49,256.34725634725635
2022,magelang,313,9,2664,26938.83,1321.4,1217,82.27,23.686998637808387
2022,magelang,313,9,2664,26938.83,1321.4,1217,80.49,23.686998637808387
2022,magelang,313,9,2664,26938.83,122.1,6556,82.27,256.34725634725635
2022,magelang,313,9,2664,26938.83,122.1,6556,80.49,256.34725634725635
2022,magelang,313,9,2664,186196.26,1321.4,1217,82.27,23.686998637808387
2022,magelang,313,9,2664,186196.26,1321.4,1217,80.49,23.686998637808387
2022,magelang,313,9,2664,186196.26,122.1,6556,82.27,256.34725634725635
2022,magelang,313,9,2664,186196.26,122.1,6556,80.49,256.34725634725635
2022,magelang,313,9,2664,26938.83,1321.4,1217,82.27,23.686998637808387
2022,magelang,313,9,2664,26938.83,1321.4,1217,80.49,23.686998637808387
2022,magelang,313,9,2664,26938.83,122.1,6556,82.27,256.34725634725635
2022,magelang,313,9,2664,26938.83,122.1,6556,80.49,256.34725634725635
2022,boyolali,297,4,2664,111246.04,1081.0,999,92.4,27.474560592044405
2022,klaten,540,24,2664,167909.84,1277.6,1824,95.0,42.266750156543516
2022,sukoharjo,643,7,2664,121303.49,922.0,1979,96.14,69.73969631236443
2022,wonogiri,109,3,2664,162628.77,1057.4,581,94.62,10.308303385662947
2022,karanganyar,345,8,2664,120247.99,947.5,1226,96.32,36.41160949868074
2022,sragen,187,0,2664,145452.12,994.5,1057,93.08,18.803418803418804
2022,grobogan,1275,14,2664,186358.55,1478.7,731,87.93,86.22438628525056
2022,blora,589,15,2664,117978.89,897.4,493,91.52,65.63405393358592
2022,rembang,201,3,2664,143493.63,651.9,1027,92.92,30.83294983893235
2022,pati,911,8,2664,178949.07,1344.0,895,93.8,67.7827380952381
2022,kudus,553,8,2664,121287.19,859.9,2010,92.78,64.30980346551925
2022,jepara,221,3,2664,178049.0,1210.3,1201,68.14,18.25993555316864
2022,demak,305,3,2664,173950.41,1223.7,1360,91.64,24.92440957751083
2022,semarang,90,0,2664,141671.21,1071.5,1127,92.45,8.399440037330844
2022,semarang,90,0,2664,141671.21,1071.5,1127,85.91,8.399440037330844
2022,semarang,90,0,2664,141671.21,1671.6,4473,92.45,5.384063173007896
2022,semarang,90,0,2664,141671.21,1671.6,4473,85.91,5.384063173007896
2022,semarang,90,0,2664,461288.66,1071.5,1127,92.45,8.399440037330844
2022,semarang,90,0,2664,461288.66,1071.5,1127,85.91,8.399440037330844
2022,semarang,90,0,2664,461288.66,1671.6,4473,92.45,5.384063173007896
2022,semarang,90,0,2664,461288.66,1671.6,4473,85.91,5.384063173007896
2022,semarang,90,0,2664,141671.21,1071.5,1127,92.45,8.399440037330844
2022,semarang,90,0,2664,141671.21,1071.5,1127,85.91,8.399440037330844
2022,semarang,90,0,2664,141671.21,1671.6,4473,92.45,5.384063173007896
2022,semarang,90,0,2664,141671.21,1671.6,4473,85.91,5.384063173007896
2022,semarang,90,0,2664,461288.66,1071.5,1127,92.45,8.399440037330844
2022,semarang,90,0,2664,461288.66,1071.5,1127,85.91,8.399440037330844
2022,semarang,90,0,2664,461288.66,1671.6,4473,92.45,5.384063173007896
2022,semarang,90,0,2664,461288.66,1671.6,4473,85.91,5.384063173007896
2022,temanggung,29,0,2664,106565.34,802.7,922,75.3,3.6128067771271954
2022,kendal,457,29,2664,147814.93,1043.2,1041,82.65,43.80751533742331
2022,batang,372,8,2664,122247.78,821.8,1042,67.29,45.26648819664152
2022,pekalongan,663,5,2664,137943.46,993.4,1188,86.82,66.74048721562312
2022,pekalongan,663,5,2664,137943.46,993.4,1188,77.8,66.74048721562312
2022,pekalongan,663,5,2664,137943.46,313.7,6932,86.82,211.34842205929235
2022,pekalongan,663,5,2664,137943.46,313.7,6932,77.8,211.34842205929235
2022,pekalongan,663,5,2664,48281.33,993.4,1188,86.82,66.74048721562312
2022,pekalongan,663,5,2664,48281.33,993.4,1188,77.8,66.74048721562312
2022,pekalongan,663,5,2664,48281.33,313.7,6932,86.82,211.34842205929235
2022,pekalongan,663,5,2664,48281.33,313.7,6932,77.8,211.34842205929235
2022,pekalongan,663,5,2664,137943.46,993.4,1188,86.82,66.74048721562312
2022,pekalongan,663,5,2664,137943.46,993.4,1188,77.8,66.74048721562312
2022,pekalongan,663,5,2664,137943.46,313.7,6932,86.82,211.34842205929235
2022,pekalongan,663,5,2664,137943.46,313.7,6932,77.8,211.34842205929235
2022,pekalongan,663,5,2664,48281.33,993.4,1188,86.82,66.74048721562312
2022,pekalongan,663,5,2664,48281.33,993.4,1188,77.8,66.74048721562312
2022,pekalongan,663,5,2664,48281.33,313.7,6932,86.82,211.34842205929235
2022,pekalongan,663,5,2664,48281.33,313.7,6932,77.8,211.34842205929235
2022,pemalang,114,5,2664,210080.57,1505.7,1347,77.69,7.571229328551504
2022,tegal,499,10,2664,254304.75,1635.8,1861,93.58,30.50495170558748
2022,tegal,499,10,2664,254304.75,1635.8,1861,85.82,30.50495170558748
2022,tegal,499,10,2664,254304.75,279.9,7050,93.58,178.27795641300466
2022,tegal,499,10,2664,254304.75,279.9,7050,85.82,178.27795641300466
2022,tegal,499,10,2664,76296.86,1635.8,1861,93.58,30.50495170558748
2022,tegal,499,10,2664,76296.86,1635.8,1861,85.82,30.50495170558748
2022,tegal,499,10,2664,76296.86,279.9,7050,93.58,178.27795641300466
2022,tegal,499,10,2664,76296.86,279.9,7050,85.82,178.27795641300466
2022,tegal,499,10,2664,254304.75,1635.8,1861,93.58,30.50495170558748
2022,tegal,499,10,2664,254304.75,1635.8,1861,85.82,30.50495170558748
2022,tegal,499,10,2664,254304.75,279.9,7050,93.58,178.27795641300466
2022,tegal,499,10,2664,254304.75,279.9,7050,85.82,178.27795641300466
2022,tegal,499,10,2664,76296.86,1635.8,1861,93.58,30.50495170558748
2022,tegal,499,10,2664,76296.86,1635.8,1861,85.82,30.50495170558748
2022,tegal,499,10,2664,76296.86,279.9,7050,93.58,178.27795641300466
2022,tegal,499,10,2664,76296.86,279.9,7050,85.82,178.27795641300466
2022,brebes,66,0,2664,249911.96,2022.5,1215,80.72,3.2632880098887513
2022,magelang,62,1,2664,186196.26,1321.4,1217,82.27,4.691993340396549
2022,magelang,62,1,2664,186196.26,1321.4,1217,80.49,4.691993340396549
2022,magelang,62,1,2664,186196.26,122.1,6556,82.27,50.778050778050776
2022,magelang,62,1,2664,186196.26,122.1,6556,80.49,50.778050778050776
2022,magelang,62,1,2664,26938.83,1321.4,1217,82.27,4.691993340396549
2022,magelang,62,1,2664,26938.83,1321.4,1217,80.49,4.691993340396549
2022,magelang,62,1,2664,26938.83,122.1,6556,82.27,50.778050778050776
2022,magelang,62,1,2664,26938.83,122.1,6556,80.49,50.778050778050776
2022,magelang,62,1,2664,186196.26,1321.4,1217,82.27,4.691993340396549
2022,magelang,62,1,2664,186196.26,1321.4,1217,80.49,4.691993340396549
2022,magelang,62,1,2664,186196.26,122.1,6556,82.27,50.778050778050776
2022,magelang,62,1,2664,186196.26,122.1,6556,80.49,50.778050778050776
2022,magelang,62,1,2664,26938.83,1321.4,1217,82.27,4.691993340396549
2022,magelang,62,1,2664,26938.83,1321.4,1217,80.49,4.691993340396549
2022,magelang,62,1,2664,26938.83,122.1,6556,82.27,50.778050778050776
2022,magelang,62,1,2664,26938.83,122.1,6556,80.49,50.778050778050776
2022,surakarta,166,7,2664,112282.68,524.2,11287,87.49,31.667302556276226
2022,salatiga,56,1,2664,29809.88,196.7,3405,97.72,28.469750889679712
2022,semarang,865,33,2664,141671.21,1071.5,1127,92.45,80.72795146990201
2022,semarang,865,33,2664,141671.21,1071.5,1127,85.91,80.72795146990201
2022,semarang,865,33,2664,141671.21,1671.6,4473,92.45,51.74682938502034
2022,semarang,865,33,2664,141671.21,1671.6,4473,85.91,51.74682938502034
2022,semarang,865,33,2664,461288.66,1071.5,1127,92.45,80.72795146990201
2022,semarang,865,33,2664,461288.66,1071.5,1127,85.91,80.72795146990201
2022,semarang,865,33,2664,461288.66,1671.6,4473,92.45,51.74682938502034
2022,semarang,865,33,2664,461288.66,1671.6,4473,85.91,51.74682938502034
2022,semarang,865,33,2664,141671.21,1071.5,1127,92.45,80.72795146990201
2022,semarang,865,33,2664,141671.21,1071.5,1127,85.91,80.72795146990201
2022,semarang,865,33,2664,141671.21,1671.6,4473,92.45,51.74682938502034
2022,semarang,865,33,2664,141671.21,1671.6,4473,85.91,51.74682938502034
2022,semarang,865,33,2664,461288.66,1071.5,1127,92.45,80.72795146990201
2022,semarang,865,33,2664,461288.66,1071.5,1127,85.91,80.72795146990201
2022,semarang,865,33,2664,461288.66,1671.6,4473,92.45,51.74682938502034
2022,semarang,865,33,2664,461288.66,1671.6,4473,85.91,51.74682938502034
2022,pekalongan,126,2,2664,137943.46,993.4,1188,86.82,12.68371250251661
2022,pekalongan,126,2,2664,137943.46,993.4,1188,77.8,12.68371250251661
2022,pekalongan,126,2,2664,137943.46,313.7,6932,86.82,40.1657634682818
2022,pekalongan,126,2,2664,137943.46,313.7,6932,77.8,40.1657634682818
2022,pekalongan,126,2,2664,48281.33,993.4,1188,86.82,12.68371250251661
2022,pekalongan,126,2,2664,48281.33,993.4,1188,77.8,12.68371250251661
2022,pekalongan,126,2,2664,48281.33,313.7,6932,86.82,40.1657634682818
2022,pekalongan,126,2,2664,48281.33,313.7,6932,77.8,40.1657634682818
2022,pekalongan,126,2,2664,137943.46,993.4,1188,86.82,12.68371250251661
2022,pekalongan,126,2,2664,137943.46,993.4,1188,77.8,12.68371250251661
2022,pekalongan,126,2,2664,137943.46,313.7,6932,86.82,40.1657634682818
2022,pekalongan,126,2,2664,137943.46,313.7,6932,77.8,40.1657634682818
2022,pekalongan,126,2,2664,48281.33,993.4,1188,86.82,12.68371250251661
2022,pekalongan,126,2,2664,48281.33,993.4,1188,77.8,12.68371250251661
2022,pekalongan,126,2,2664,48281.33,313.7,6932,86.82,40.1657634682818
2022,pekalongan,126,2,2664,48281.33,313.7,6932,77.8,40.1657634682818
2022,tegal,107,8,2664,254304.75,1635.8,1861,93.58,6.541141948893507
2022,tegal,107,8,2664,254304.75,1635.8,1861,85.82,6.541141948893507
2022,tegal,107,8,2664,254304.75,279.9,7050,93.58,38.227938549481955
2022,tegal,107,8,2664,254304.75,279.9,7050,85.82,38.227938549481955
2022,tegal,107,8,2664,76296.86,1635.8,1861,93.58,6.541141948893507
2022,tegal,107,8,2664,76296.86,1635.8,1861,85.82,6.541141948893507
2022,tegal,107,8,2664,76296.86,279.9,7050,93.58,38.227938549481955
2022,tegal,107,8,2664,76296.86,279.9,7050,85.82,38.227938549481955
2022,tegal,107,8,2664,254304.75,1635.8,1861,93.58,6.541141948893507
2022,tegal,107,8,2664,254304.75,1635.8,1861,85.82,6.541141948893507
2022,tegal,107,8,2664,254304.75,279.9,7050,93.58,38.227938549481955
2022,tegal,107,8,2664,254304.75,279.9,7050,85.82,38.227938549481955
2022,tegal,107,8,2664,76296.86,1635.8,1861,93.58,6.541141948893507
2022,tegal,107,8,2664,76296.86,1635.8,1861,85.82,6.541141948893507
2022,tegal,107,8,2664,76296.86,279.9,7050,93.58,38.227938549481955
2022,tegal,107,8,2664,76296.86,279.9,7050,85.82,38.227938549481955
2023,cilacap,104,5,2100,350410.59,2007.8,893,80.38,5.179798784739516
2023,banyumas,273,4,2800,174507.37,1828.6,1377,83.0,14.929454227277699
2023,purbalingga,111,2,2100,199852.12,1027.3,1321,77.19,10.805022875498882
2023,banjarnegara,163,0,2100,134627.0,1047.2,984,46.09,15.565317035905272
2023,kebumen,83,0,2100,169225.2,1397.6,1048,93.68,5.93875214653692
2023,purworejo,23,0,2100,105828.91,788.3,762,81.43,2.9176709374603575
2023,wonosobo,49,0,2100,134105.74,909.7,924,58.14,5.386391117950973
2023,magelang,148,1,2100,170428.16,1330.7,1226,84.93,11.121965882618172
2023,magelang,148,1,2100,170428.16,1330.7,1226,85.14,11.121965882618172
2023,magelang,148,1,2100,170428.16,122.5,6581,84.93,120.81632653061224
2023,magelang,148,1,2100,170428.16,122.5,6581,85.14,120.81632653061224
2023,magelang,148,1,2100,26756.29,1330.7,1226,84.93,11.121965882618172
2023,magelang,148,1,2100,26756.29,1330.7,1226,85.14,11.121965882618172
2023,magelang,148,1,2100,26756.29,122.5,6581,84.93,120.81632653061224
2023,magelang,148,1,2100,26756.29,122.5,6581,85.14,120.81632653061224
2023,magelang,148,1,2100,170428.16,1330.7,1226,84.93,11.121965882618172
2023,magelang,148,1,2100,170428.16,1330.7,1226,85.14,11.121965882618172
2023,magelang,148,1,2100,170428.16,122.5,6581,84.93,120.81632653061224
2023,magelang,148,1,2100,170428.16,122.5,6581,85.14,120.81632653061224
2023,magelang,148,1,2100,26756.29,1330.7,1226,84.93,11.121965882618172
2023,magelang,148,1,2100,26756.29,1330.7,1226,85.14,11.121965882618172
2023,magelang,148,1,2100,26756.29,122.5,6581,84.93,120.81632653061224
2023,magelang,148,1,2100,26756.29,122.5,6581,85.14,120.81632653061224
2023,boyolali,442,5,2100,111334.46,1090.1,1008,89.31,40.546738831299876
2023,klaten,308,14,2100,167570.62,1284.4,1834,97.16,23.98006851448147
2023,sukoharjo,233,1,2100,121703.24,929.1,1994,95.68,25.078032504574317
2023,wonogiri,31,0,2100,163148.24,1063.8,584,96.12,2.91408159428464
2023,karanganyar,101,1,2100,120287.66,955.0,1236,97.03,10.575916230366492
2023,sragen,123,0,2100,145802.21,1001.6,1064,95.3,12.28035143769968
2023,grobogan,339,12,2100,188836.72,1489.9,737,90.49,22.753204913081415
2023,blora,266,12,2100,115882.54,901.6,496,90.72,29.503105590062113
2023,rembang,186,6,2100,143899.76,655.0,1032,95.44,28.396946564885493
2023,pati,463,4,2100,183226.37,1351.5,900,95.8,34.2582315945246
2023,kudus,385,2,2100,121873.74,865.7,2024,92.12,44.47268106734435
2023,jepara,124,5,2100,165089.0,1221.7,1212,70.49,10.14979127445363
2023,demak,285,2,2100,174351.0,1233.4,1371,93.6,23.10685908869791
2023,semarang,155,0,2100,141712.91,1080.2,1136,95.31,14.34919459359378
2023,semarang,155,0,2100,141712.91,1080.2,1136,85.5,14.34919459359378
2023,semarang,155,0,2100,141712.91,1694.7,4534,95.31,9.14616156251844
2023,semarang,155,0,2100,141712.91,1694.7,4534,85.5,9.14616156251844
2023,semarang,155,0,2100,457813.14,1080.2,1136,95.31,14.34919459359378
2023,semarang,155,0,2100,457813.14,1080.2,1136,85.5,14.34919459359378
2023,semarang,155,0,2100,457813.14,1694.7,4534,95.31,9.14616156251844
2023,semarang,155,0,2100,457813.14,1694.7,4534,85.5,9.14616156251844
2023,semarang,155,0,2100,141712.91,1080.2,1136,95.31,14.34919459359378
2023,semarang,155,0,2100,141712.91,1080.2,1136,85.5,14.34919459359378
2023,semarang,155,0,2100,141712.91,1694.7,4534,95.31,9.14616156251844
2023,semarang,155,0,2100,141712.91,1694.7,4534,85.5,9.14616156251844
2023,semarang,155,0,2100,457813.14,1080.2,1136,95.31,14.34919459359378
2023,semarang,155,0,2100,457813.14,1080.2,1136,85.5,14.34919459359378
2023,semarang,155,0,2100,457813.14,1694.7,4534,95.31,9.14616156251844
2023,semarang,155,0,2100,457813.14,1694.7,4534,85.5,9.14616156251844
2023,temanggung,17,0,2100,106927.83,808.7,929,69.89,2.10213923581056
2023,kendal,375,29,2100,150242.06,1053.8,1051,78.33,35.58550009489467
2023,batang,192,4,2100,255414.1,830.0,1052,61.7,23.132530120481928
2023,pekalongan,404,0,2100,138139.06,1004.1,1201,90.69,40.23503635096106
2023,pekalongan,404,0,2100,138139.06,1004.1,1201,83.47,40.23503635096106
2023,pekalongan,404,0,2100,138139.06,317.5,7017,90.69,127.24409448818899
2023,pekalongan,404,0,2100,138139.06,317.5,7017,83.47,127.24409448818899
2023,pekalongan,404,0,2100,48039.69,1004.1,1201,90.69,40.23503635096106
2023,pekalongan,404,0,2100,48039.69,1004.1,1201,83.47,40.23503635096106
2023,pekalongan,404,0,2100,48039.69,317.5,7017,90.69,127.24409448818899
2023,pekalongan,404,0,2100,48039.69,317.5,7017,83.47,127.24409448818899
2023,pekalongan,404,0,2100,138139.06,1004.1,1201,90.69,40.23503635096106
2023,pekalongan,404,0,2100,138139.06,1004.1,1201,83.47,40.23503635096106
2023,pekalongan,404,0,2100,138139.06,317.5,7017,90.69,127.24409448818899
2023,pekalongan,404,0,2100,138139.06,317.5,7017,83.47,127.24409448818899
2023,pekalongan,404,0,2100,48039.69,1004.1,1201,90.69,40.23503635096106
2023,pekalongan,404,0,2100,48039.69,1004.1,1201,83.47,40.23503635096106
2023,pekalongan,404,0,2100,48039.69,317.5,7017,90.69,127.24409448818899
2023,pekalongan,404,0,2100,48039.69,317.5,7017,83.47,127.24409448818899
2023,pemalang,51,1,2100,210878.02,1521.1,1361,80.73,3.352836762868977
2023,tegal,401,1,2100,282697.16,1653.6,1881,94.12,24.250120948234155
2023,tegal,401,1,2100,282697.16,1653.6,1881,85.87,24.250120948234155
2023,tegal,401,1,2100,282697.16,282.8,7123,94.12,141.7963224893918
2023,tegal,401,1,2100,282697.16,282.8,7123,85.87,141.7963224893918
2023,tegal,401,1,2100,78759.5,1653.6,1881,94.12,24.250120948234155
2023,tegal,401,1,2100,78759.5,1653.6,1881,85.87,24.250120948234155
2023,tegal,401,1,2100,78759.5,282.8,7123,94.12,141.7963224893918
2023,tegal,401,1,2100,78759.5,282.8,7123,85.87,141.7963224893918
2023,tegal,401,1,2100,282697.16,1653.6,1881,94.12,24.250120948234155
2023,tegal,401,1,2100,282697.16,1653.6,1881,85.87,24.250120948234155
2023,tegal,401,1,2100,282697.16,282.8,7123,94.12,141.7963224893918
2023,tegal,401,1,2100,282697.16,282.8,7123,85.87,141.7963224893918
2023,tegal,401,1,2100,78759.5,1653.6,1881,94.12,24.250120948234155
2023,tegal,401,1,2100,78759.5,1653.6,1881,85.87,24.250120948234155
2023,tegal,401,1,2100,78759.5,282.8,7123,94.12,141.7963224893918
2023,tegal,401,1,2100,78759.5,282.8,7123,85.87,141.7963224893918
2023,brebes,129,6,2100,250669.75,2041.4,1226,82.8,6.319192710884687
2023,magelang,44,0,2100,170428.16,1330.7,1226,84.93,3.3065303975351323
2023,magelang,44,0,2100,170428.16,1330.7,1226,85.14,3.3065303975351323
2023,magelang,44,0,2100,170428.16,122.5,6581,84.93,35.91836734693877
2023,magelang,44,0,2100,170428.16,122.5,6581,85.14,35.91836734693877
2023,magelang,44,0,2100,26756.29,1330.7,1226,84.93,3.3065303975351323
2023,magelang,44,0,2100,26756.29,1330.7,1226,85.14,3.3065303975351323
2023,magelang,44,0,2100,26756.29,122.5,6581,84.93,35.91836734693877
2023,magelang,44,0,2100,26756.29,122.5,6581,85.14,35.91836734693877
2023,magelang,44,0,2100,170428.16,1330.7,1226,84.93,3.3065303975351323
2023,magelang,44,0,2100,170428.16,1330.7,1226,85.14,3.3065303975351323
2023,magelang,44,0,2100,170428.16,122.5,6581,84.93,35.91836734693877
2023,magelang,44,0,2100,170428.16,122.5,6581,85.14,35.91836734693877
2023,magelang,44,0,2100,26756.29,1330.7,1226,84.93,3.3065303975351323
2023,magelang,44,0,2100,26756.29,1330.7,1226,85.14,3.3065303975351323
2023,magelang,44,0,2100,26756.29,122.5,6581,84.93,35.91836734693877
2023,magelang,44,0,2100,26756.29,122.5,6581,85.14,35.91836734693877
2023,surakarta,99,4,2100,113941.87,525.7,11320,89.97,18.83203347917063
2023,salatiga,28,1,2100,29731.43,198.9,3618,98.15,14.077425842131726
2023,semarang,404,16,2100,141712.91,1080.2,1136,95.31,37.400481392334754
2023,semarang,404,16,2100,141712.91,1080.2,1136,85.5,37.400481392334754
2023,semarang,404,16,2100,141712.91,1694.7,4534,95.31,23.839027556499676
2023,semarang,404,16,2100,141712.91,1694.7,4534,85.5,23.839027556499676
2023,semarang,404,16,2100,457813.14,1080.2,1136,95.31,37.400481392334754
2023,semarang,404,16,2100,457813.14,1080.2,1136,85.5,37.400481392334754
2023,semarang,404,16,2100,457813.14,1694.7,4534,95.31,23.839027556499676
2023,semarang,404,16,2100,457813.14,1694.7,4534,85.5,23.839027556499676
2023,semarang,404,16,2100,141712.91,1080.2,1136,95.31,37.400481392334754
2023,semarang,404,16,2100,141712.91,1080.2,1136,85.5,37.400481392334754
2023,semarang,404,16,2100,141712.91,1694.7,4534,95.31,23.839027556499676
2023,semarang,404,16,2100,141712.91,1694.7,4534,85.5,23.839027556499676
2023,semarang,404,16,2100,457813.14,1080.2,1136,95.31,37.400481392334754
2023,semarang,404,16,2100,457813.14,1080.2,1136,85.5,37.400481392334754
2023,semarang,404,16,2100,457813.14,1694.7,4534,95.31,23.839027556499676
2023,semarang,404,16,2100,457813.14,1694.7,4534,85.5,23.839027556499676
2023,pekalongan,69,3,2100,138139.06,1004.1,1201,90.69,6.871825515386913
2023,pekalongan,69,3,2100,138139.06,1004.1,1201,83.47,6.871825515386913
2023,pekalongan,69,3,2100,138139.06,317.5,7017,90.69,21.73228346456693
2023,pekalongan,69,3,2100,138139.06,317.5,7017,83.47,21.73228346456693
2023,pekalongan,69,3,2100,48039.69,1004.1,1201,90.69,6.871825515386913
2023,pekalongan,69,3,2100,48039.69,1004.1,1201,83.47,6.871825515386913
2023,pekalongan,69,3,2100,48039.69,317.5,7017,90.69,21.73228346456693
2023,pekalongan,69,3,2100,48039.69,317.5,7017,83.47,21.73228346456693
2023,pekalongan,69,3,2100,138139.06,1004.1,1201,90.69,6.871825515386913
2023,pekalongan,69,3,2100,138139.06,1004.1,1201,83.47,6.871825515386913
2023,pekalongan,69,3,2100,138139.06,317.5,7017,90.69,21.73228346456693
2023,pekalongan,69,3,2100,138139.06,317.5,7017,83.47,21.73228346456693
2023,pekalongan,69,3,2100,48039.69,1004.1,1201,90.69,6.871825515386913
2023,pekalongan,69,3,2100,48039.69,1004.1,1201,83.47,6.871825515386913
2023,pekalongan,69,3,2100,48039.69,317.5,7017,90.69,21.73228346456693
2023,pekalongan,69,3,2100,48039.69,317.5,7017,83.47,21.73228346456693
2023,tegal,48,2,2100,282697.16,1653.6,1881,94.12,2.9027576197387517
2023,tegal,48,2,2100,282697.16,1653.6,1881,85.87,2.9027576197387517
2023,tegal,48,2,2100,282697.16,282.8,7123,94.12,16.973125884016973
2023,tegal,48,2,2100,282697.16,282.8,7123,85.87,16.973125884016973
2023,tegal,48,2,2100,78759.5,1653.6,1881,94.12,2.9027576197387517
2023,tegal,48,2,2100,78759.5,1653.6,1881,85.87,2.9027576197387517
2023,tegal,48,2,2100,78759.5,282.8,7123,94.12,16.973125884016973
2023,tegal,48,2,2100,78759.5,282.8,7123,85.87,16.973125884016973
2023,tegal,48,2,2100,282697.16,1653.6,1881,94.12,2.9027576197387517
2023,tegal,48,2,2100,282697.16,1653.6,1881,85.87,2.9027576197387517
2023,tegal,48,2,2100,282697.16,282.8,7123,94.12,16.973125884016973
2023,tegal,48,2,2100,282697.16,282.8,7123,85.87,16.973125884016973
2023,tegal,48,2,2100,78759.5,1653.6,1881,94.12,2.9027576197387517
2023,tegal,48,2,2100,78759.5,1653.6,1881,85.87,2.9027576197387517
2023,tegal,48,2,2100,78759.5,282.8,7123,94.12,16.973125884016973
2023,tegal,48,2,2100,78759.5,282.8,7123,85.87,16.973125884016973
